"Gain","Mean Slope"
782,78381905.4869861
700,36683104.873153
755,72667983.9796856
